815,815,815,815,815,815,815,815,815,815,815,815,815,815,815,815,815,815,815,815,815,815,815,815,815,815,815,815,815,815,815,815,815,815,815,815,815,815,815,815,815,815,815,815,815,815,815,815,815,815,815,815,815,815,815,815,815,815,815,815,815,815,815,815,815,815,815,815,815,815,815,815,815,815,815,796,792,798,803,807,810,810,811,813,814,814,814,814,814,814,814,814,814,814,814,815,815,815,815,815,815,815,815,815,815,815,815,815,815,815,815,814,801,804,808,808,812,814,814,814,815,815,818,818,818,818,818,818,817,817,817,816,815,815,814,814,814,813,813,813,813,813,814,814,814,814,815,815,815,815,815,816,816,816,816,816,816,816,816,816,815,815,815,815,815,815,815,815,815,815,815,815,815,815,815,815,815,815,815,815,815,815,815,815,815,815,815,815,815,815,815,815
815,815,815,815,815,815,815,815,815,815,815,815,815,815,815,815,815,815,815,815,815,815,815,815,815,815,815,815,815,815,815,815,815,815,815,815,815,815,815,815,815,815,815,815,815,815,815,815,815,815,815,815,815,815,815,815,815,815,815,815,815,815,815,815,815,815,814,814,814,814,814,814,814,791,794,794,800,804,808,810,812,812,813,814,814,814,815,815,815,815,815,815,815,815,815,815,815,815,815,815,815,815,815,815,815,815,815,815,815,815,815,815,815,815,807,807,802,806,810,813,815,817,817,818,818,818,818,818,818,818,818,817,816,815,815,815,814,814,814,814,814,814,814,813,814,814,814,815,815,815,815,815,816,816,816,816,816,816,816,816,816,816,816,816,815,815,815,815,814,814,814,814,815,815,815,815,815,815,815,815,815,815,815,815,815,815,815,815,815,815,815,815,815
815,815,815,815,815,815,815,815,815,815,815,815,815,815,815,815,815,815,815,815,815,815,815,815,815,814,814,814,814,814,814,814,791,794,794,800,804,808,810,812,812,813,814,814,814,815,815,815,815,815,815,815,815,815,815,815,815,815,815,815,815,815,815,815,815,815,815,815,815,815,815,815,815,807,807,802,806,810,813,815,817,817,818,818,818,818,818,818,818,818,817,816,815,815,815,814,814,814,814,814,814,814,813,814,814,814,815,815,815,815,815,816,816,816,816,816,816,816,816,816,816,816,816,815,815,815,815,814,814,814,814,815,815,815,815,815,815,815,815,815,815,815,815,815,815,815,815,815,815,815,815,815,815,815,815,815,815,815,815,815,815,815,815,815,815,815,815,815,815,815,815,815,815,815,815,815,815,815,815,815,815,815
815,815,815,815,815,815,815,815,815,815,815,815,815,815,815,815,815,815,815,815,815,815,815,815,815,815,815,815,815,815,815,815,815,815,815,815,815,815,815,815,815,815,815,815,815,815,815,815,815,815,815,815,815,815,815,815,815,815,815,815,815,815,815,815,815,815,815,815,815,815,815,815,815,815,813,792,789,795,799,803,803,806,809,811,812,813,813,814,815,815,816,816,816,816,816,816,816,815,815,815,815,814,814,814,814,814,814,814,814,814,814,814,814,814,804,802,806,810,813,815,815,817,818,819,819,819,819,819,819,818,818,817,816,816,816,815,815,814,814,813,813,813,813,813,813,813,814,814,814,815,815,815,816,816,816,816,816,816,816,816,816,816,816,815,815,815,815,815,815,815,814,814,814,815,815,815,815,815,815,815,815,815,815,815,815,815,815,815,815,815,815,815,815
815,815,815,815,815,815,815,815,815,815,815,815,815,815,815,815,815,815,815,815,815,815,815,815,815,815,815,815,815,815,815,815,815,815,815,815,815,815,815,815,815,815,815,815,815,815,815,815,815,815,815,815,815,815,815,815,815,815,815,815,815,815,815,815,815,815,815,812,791,787,787,787,787,787,807,808,808,808,808,808,815,815,815,815,815,815,814,814,814,814,814,814,814,814,814,813,814,814,814,814,814,814,814,814,814,805,805,802,802,802,802,816,816,817,818,819,819,819,819,819,819,818,817,817,817,817,817,817,814,814,813,813,813,813,813,813,813,814,814,814,814,815,815,815,815,815,815,815,815,815,815,815,815,815,815,815,815,815,815,815,815,815,815,815,815,815,815,815,815,815,815,815,815,815,815
815,815,815,815,815,815,815,815,815,815,815,815,815,815,815,815,815,815,815,815,815,815,815,815,815,815,815,815,815,815,815,815,815,815,815,815,815,815,815,815,815,815,815,815,815,815,815,815,815,815,815,815,812,791,787,787,787,787,787,807,808,808,808,808,808,815,815,815,815,815,815,814,814,814,814,814,814,814,814,814,813,814,814,814,814,814,814,814,814,814,805,805,802,802,802,802,816,816,817,818,819,819,819,819,819,819,818,817,817,817,817,817,817,814,814,813,813,813,813,813,813,813,814,814,814,814,815,815,815,815,815,815,815,815,815,815,815,815,815,815,815,815,815,815,815,815,815,815,815,815,815,815,815,815,815,815,815,815,815,815,815,815,815,815,815,815,815,815,815
815,815,815,815,815,815,815,815,815,815,815,815,815,815,815,815,815,815,815,815,815,815,815,815,815,815,815,815,815,815,815,815,815,815,815,815,812,791,787,787,787,787,787,807,808,808,808,808,808,815,815,815,815,815,815,814,814,814,814,814,814,814,814,814,813,814,814,814,814,814,814,814,814,814,805,805,802,802,802,802,816,816,817,818,819,819,819,819,819,819,818,817,817,817,817,817,817,814,814,813,813,813,813,813,813,813,814,814,814,814,815,815,815,815,815,815,815,815,815,815,815,815,815,815,815,815,815,815,815,815,815,815,815,815,815,815,815,815,815,815,815,815,815,815,815,815,815,815,815,815,815,815,815,815,815,815,815,815,815,815,815,815,815,815,815,815,815,815,815,815,815,815,815,815,815,815
815,815,815,815,815,815,815,815,815,815,815,815,815,815,815,815,815,815,815,815,815,815,815,815,815,815,815,815,815,815,815,815,815,815,815,815,815,815,815,815,815,815,815,815,815,815,815,815,815,815,815,815,815,815,815,815,815,815,815,815,815,815,815,815,815,815,815,815,815,815,815,794,788,793,795,795,798,805,808,810,812,812,813,814,815,816,816,816,816,816,816,816,816,815,815,815,815,814,814,814,813,813,813,813,813,813,813,813,813,814,801,803,808,808,812,814,817,817,817,819,819,819,819,819,819,818,818,817,817,817,816,815,815,814,814,814,813,813,813,813,813,813,814,814,814,816,816,816,817,817,817,817,817,817,817,817,816,816,816,815,815,815,814,814,814,814,814,814,814,814,814,814,814,815,815,815,815,815,815,816,816,816,816,816,816,816,815,815,815
815,815,815,815,815,815,815,815,815,815,815,815,815,815,815,815,815,815,815,815,815,815,815,815,815,815,815,815,815,815,815,815,794,788,793,795,795,798,805,808,810,812,812,813,814,815,816,816,816,816,816,816,816,816,815,815,815,815,814,814,814,813,813,813,813,813,813,813,813,813,814,801,803,808,808,812,814,817,817,817,819,819,819,819,819,819,818,818,817,817,817,816,815,815,814,814,814,813,813,813,813,813,813,814,814,814,816,816,816,817,817,817,817,817,817,817,817,816,816,816,815,815,815,814,814,814,814,814,814,814,814,814,814,814,815,815,815,815,815,815,816,816,816,816,816,816,816,815,815,815,815,815,815,815,815,815,815,814,814,814,815,815,815,815,815,815,815,815,815,815,815,815,815,815,815,815,815,815,815,815,815,815,815,815,815
815,815,815,815,815,815,815,815,815,815,815,815,815,815,815,815,815,815,815,815,815,815,815,815,815,815,815,815,815,815,815,815,815,815,815,815,815,815,815,815,815,815,815,815,815,815,815,815,815,815,815,815,815,815,815,815,815,815,815,815,815,815,815,815,815,815,815,816,816,816,816,816,816,816,816,816,816,816,816,816,813,813,813,813,813,813,813,813,813,813,813,815,816,816,816,816,816,816,816,816,816,816,816,816,816,816,816,815,815,815,815,814,814,814,815,815,815,815,815,815,815,815,815,815,815,816,815,815,815,815,815,815,815,815,815,815,815,815,815,815,815,815,815,815,815,815,815,815,815,815,815,815,815,815,815,815,815,815,815,815,815,815,815,815,815,815,815,815,815,815
815,815,815,815,815,815,815,815,815,815,815,815,815,815,815,815,815,815,815,815,815,815,815,815,815,815,815,815,815,815,815,815,815,815,815,815,815,815,815,815,815,815,815,815,815,815,815,815,815,815,815,815,815,815,815,815,815,816,816,816,816,816,816,816,816,816,816,816,816,816,813,813,813,813,813,813,813,813,813,813,813,815,816,816,816,816,816,816,816,816,816,816,816,816,816,816,816,815,815,815,815,814,814,814,815,815,815,815,815,815,815,815,815,815,815,816,815,815,815,815,815,815,815,815,815,815,815,815,815,815,815,815,815,815,815,815,815,815,815,815,815,815,815,815,815,815,815,815,815,815,815,815,815,815,815,815,815,815,815,815,815,815,815,815,815,815,815,815,815,815,815,815,815,815,815,815,815,815,815,815,815,815,815,815,815,815,815,815,815,815,815,815,815,815,815
815,815,815,815,815,815,815,815,815,815,815,815,815,815,815,815,815,815,815,815,815,815,815,815,815,815,815,815,815,815,815,815,815,815,815,815,815,815,815,815,815,815,815,815,815,815,815,815,815,815,815,815,815,815,815,815,815,815,815,815,815,815,815,815,815,815,815,815,815,815,815,815,815,815,815,815,814,796,795,801,801,807,811,814,816,817,817,817,818,818,818,818,817,817,816,816,816,815,814,814,813,813,813,813,813,813,813,813,813,813,814,814,814,814,815,815,816,816,816,816,816,816,816,816,816,816,816,816,816,815,815,815,815,792,792,796,799,807,812,812,814,816,817,818,818,818,818,818,818,818,818,818,817,817,816,816,815,814,814,813,813,813,813,813,813,813,813,813,814,815,815,815,815,815,816,816,816,816,816,816,816,816,816,816,816,816,815,815,815,815,815,814,814,814,814,814,815,815,815,815,815,815,815,815,815,815,815,815,815,815,815,815
815,815,815,815,815,815,815,815,815,815,815,815,815,815,815,815,815,815,815,815,815,815,815,815,815,815,815,815,815,815,815,815,815,815,815,815,815,815,815,815,815,815,815,815,815,815,815,815,815,815,815,815,815,815,815,815,815,815,815,815,815,815,815,815,815,815,815,815,807,786,788,797,797,797,806,809,809,809,809,809,813,813,814,814,815,815,815,815,815,816,816,815,815,815,815,815,815,815,815,815,815,815,815,815,815,814,814,814,814,814,814,814,814,814,803,803,803,803,814,815,815,815,815,815,819,819,819,819,819,819,819,819,819,819,819,814,814,814,814,814,814,814,814,813,813,813,813,813,815,815,815,815,815,815,815,815,815,815,815,815,815,815,815,815,815,815,815,815,815,815,815,815,815,815,815,815,815,815,815,815,815,815,815,815,815,815,815,815,815,815,815,815,815
815,815,815,815,815,815,815,815,815,815,815,815,815,807,786,788,797,797,797,806,809,809,809,809,809,813,813,814,814,815,815,815,815,815,816,816,815,815,815,815,815,815,815,815,815,815,815,815,815,815,814,814,814,814,814,814,814,814,814,803,803,803,803,814,815,815,815,815,815,819,819,819,819,819,819,819,819,819,819,819,814,814,814,814,814,814,814,814,813,813,813,813,813,815,815,815,815,815,815,815,815,815,815,815,815,815,815,815,815,815,815,815,815,815,815,815,815,815,815,815,815,815,815,815,815,815,815,815,815,815,815,815,815,815,815,815,815,815,815,815,815,815,815,815,815,815,815,815,815,815,815,815,815,815,815,815,815,815,815,815,815,815,815,815,815,815,815,815,815,815,815,815
815,815,815,815,815,815,815,815,815,815,815,815,815,815,815,815,815,815,815,815,815,815,815,815,815,815,815,815,815,815,815,815,815,815,815,815,815,815,815,815,815,815,815,815,815,815,815,815,815,815,815,815,815,815,815,815,815,815,815,815,815,815,815,815,815,815,815,815,815,815,815,815,815,815,815,805,805,799,799,804,804,811,812,812,813,813,813,813,813,814,814,814,814,814,814,814,814,815,815,815,815,815,815,815,815,815,815,815,815,816,816,816,816,816,815,815,815,802,802,802,802,813,813,813,813,813,813,813,818,818,818,818,817,817,816,816,816,816,816,816,816,816,816,816,816,814,814,814,814,814,814,814,815,815,815,815,816,816,816,816,816,816,816,816,816,816,816,816,815,815,815,815,815,815,815,815,815,815,815,815,815,815,815,815,815,815,815,815,815,815,815,815,815,815,815,815
815,815,815,815,815,815,815,815,815,815,815,815,815,815,815,815,815,815,815,815,815,815,815,815,815,815,815,805,805,799,799,804,804,811,812,812,813,813,813,813,813,814,814,814,814,814,814,814,814,815,815,815,815,815,815,815,815,815,815,815,815,816,816,816,816,816,815,815,815,802,802,802,802,813,813,813,813,813,813,813,818,818,818,818,817,817,816,816,816,816,816,816,816,816,816,816,816,814,814,814,814,814,814,814,815,815,815,815,816,816,816,816,816,816,816,816,816,816,816,816,815,815,815,815,815,815,815,815,815,815,815,815,815,815,815,815,815,815,815,815,815,815,815,815,815,815,815,815,815,815,815,815,815,815,815,815,815,815,815,815,815,815,815,815,815,815,815,815,815,815,815,815,815,815,815,815
815,815,815,815,815,815,815,815,815,815,815,815,815,815,815,815,810,810,812,812,812,812,814,814,814,815,815,815,815,815,816,816,816,816,816,816,816,816,815,815,815,815,815,815,815,815,815,815,815,815,815,815,815,815,815,815,815,815,815,815,815,815,815,815,815,815,815,815,815,815,815,815,815,815,815,815,815,815,815,815,813,813,813,813,813,813,813,813,813,813,813,813,813,813,813,813,813,813,816,816,816,816,816,816,816,816,816,816,816,816,816,816,816,816,816,816,816,816,816,816,816,816,816,816,816,816,816,816,816,816,816,816,816,816,816,816,816,816,815,815,815,815,815,815,815,815,815,815,815,815,815,815,815,815,815,815,815,815,815,815,815,815,815,815,815,815,815,815,815,815,815,815,815,815,815,815,814
